evidence_id,related_entity_type,related_entity_id,file_name,file_type,description,uploaded_by_employee_id,uploaded_date
EVD-0001,Incident,INC-0010,INC-0010-scene-photo-01.jpg,image/jpeg,Scene photo documenting conditions at time of report for INC-0010.,EMP-0028,2026-08-03
EVD-0002,Incident,INC-0013,INC-0013-scene-photo-01.jpg,image/jpeg,Scene photo documenting conditions at time of report for INC-0013.,EMP-0023,2026-01-09
EVD-0003,Incident,INC-0014,INC-0014-scene-photo-01.jpg,image/jpeg,Scene photo documenting conditions at time of report for INC-0014.,EMP-0017,2026-05-21
EVD-0004,Incident,INC-0015,INC-0015-scene-photo-01.jpg,image/jpeg,Scene photo documenting conditions at time of report for INC-0015.,EMP-0027,2026-01-03
EVD-0005,Incident,INC-0016,INC-0016-scene-photo-01.jpg,image/jpeg,Scene photo documenting conditions at time of report for INC-0016.,EMP-0020,2025-08-02
EVD-0006,Incident,INC-0023,INC-0023-scene-photo-01.jpg,image/jpeg,Scene photo documenting conditions at time of report for INC-0023.,EMP-0023,2026-08-13
EVD-0007,Incident,INC-0025,INC-0025-scene-photo-01.jpg,image/jpeg,Scene photo documenting conditions at time of report for INC-0025.,EMP-0009,2025-03-29
EVD-0008,Incident,INC-0031,INC-0031-scene-photo-01.jpg,image/jpeg,Scene photo documenting conditions at time of report for INC-0031.,EMP-0006,2026-08-07
EVD-0009,Incident,INC-0032,INC-0032-scene-photo-01.jpg,image/jpeg,Scene photo documenting conditions at time of report for INC-0032.,EMP-0017,2025-06-08
EVD-0010,Incident,INC-0035,INC-0035-scene-photo-01.jpg,image/jpeg,Scene photo documenting conditions at time of report for INC-0035.,EMP-0027,2025-09-07
EVD-0011,Incident,INC-0037,INC-0037-scene-photo-01.jpg,image/jpeg,Scene photo documenting conditions at time of report for INC-0037.,EMP-0026,2026-08-22
EVD-0012,Incident,INC-0039,INC-0039-scene-photo-01.jpg,image/jpeg,Scene photo documenting conditions at time of report for INC-0039.,EMP-0023,2026-04-13
EVD-0013,Incident,INC-0040,INC-0040-scene-photo-01.jpg,image/jpeg,Scene photo documenting conditions at time of report for INC-0040.,EMP-0002,2026-06-08
EVD-0014,Incident,INC-0041,INC-0041-scene-photo-01.jpg,image/jpeg,Scene photo documenting conditions at time of report for INC-0041.,EMP-0007,2026-03-05
EVD-0015,Incident,INC-0042,INC-0042-scene-photo-01.jpg,image/jpeg,Scene photo documenting conditions at time of report for INC-0042.,EMP-0004,2025-03-02
EVD-0016,Incident,INC-0044,INC-0044-scene-photo-01.jpg,image/jpeg,Scene photo documenting conditions at time of report for INC-0044.,EMP-0011,2026-02-17
EVD-0017,Incident,INC-0045,INC-0045-scene-photo-01.jpg,image/jpeg,Scene photo documenting conditions at time of report for INC-0045.,EMP-0030,2026-03-19
EVD-0018,Incident,INC-0046,INC-0046-scene-photo-01.jpg,image/jpeg,Scene photo documenting conditions at time of report for INC-0046.,EMP-0004,2025-09-09
EVD-0019,Incident,INC-0047,INC-0047-scene-photo-01.jpg,image/jpeg,Scene photo documenting conditions at time of report for INC-0047.,EMP-0002,2026-08-18
EVD-0020,Incident,INC-0048,INC-0048-scene-photo-01.jpg,image/jpeg,Scene photo documenting conditions at time of report for INC-0048.,EMP-0024,2025-12-30
EVD-0021,Incident,INC-0052,INC-0052-scene-photo-01.jpg,image/jpeg,Scene photo documenting conditions at time of report for INC-0052.,EMP-0003,2026-02-08
EVD-0022,Incident,INC-0053,INC-0053-scene-photo-01.jpg,image/jpeg,Scene photo documenting conditions at time of report for INC-0053.,EMP-0028,2026-02-22
EVD-0023,Incident,INC-0056,INC-0056-scene-photo-01.jpg,image/jpeg,Scene photo documenting conditions at time of report for INC-0056.,EMP-0011,2025-08-07
EVD-0024,Incident,INC-0059,INC-0059-scene-photo-01.jpg,image/jpeg,Scene photo documenting conditions at time of report for INC-0059.,EMP-0010,2025-12-02
EVD-0025,Incident,INC-0062,INC-0062-scene-photo-01.jpg,image/jpeg,Scene photo documenting conditions at time of report for INC-0062.,EMP-0020,2026-05-28
EVD-0026,Incident,INC-0063,INC-0063-scene-photo-01.jpg,image/jpeg,Scene photo documenting conditions at time of report for INC-0063.,EMP-0004,2025-01-06
EVD-0027,Incident,INC-0064,INC-0064-scene-photo-01.jpg,image/jpeg,Scene photo documenting conditions at time of report for INC-0064.,EMP-0002,2025-10-12
EVD-0028,Incident,INC-0065,INC-0065-scene-photo-01.jpg,image/jpeg,Scene photo documenting conditions at time of report for INC-0065.,EMP-0011,2026-02-27
EVD-0029,Incident,INC-0066,INC-0066-scene-photo-01.jpg,image/jpeg,Scene photo documenting conditions at time of report for INC-0066.,EMP-0019,2025-01-27
EVD-0030,Incident,INC-0069,INC-0069-scene-photo-01.jpg,image/jpeg,Scene photo documenting conditions at time of report for INC-0069.,EMP-0024,2025-10-10
EVD-0031,Incident,INC-0072,INC-0072-scene-photo-01.jpg,image/jpeg,Scene photo documenting conditions at time of report for INC-0072.,EMP-0029,2026-03-10
EVD-0032,Incident,INC-0073,INC-0073-scene-photo-01.jpg,image/jpeg,Scene photo documenting conditions at time of report for INC-0073.,EMP-0011,2026-01-04
EVD-0033,Incident,INC-0074,INC-0074-scene-photo-01.jpg,image/jpeg,Scene photo documenting conditions at time of report for INC-0074.,EMP-0004,2025-10-07
EVD-0034,Incident,INC-0077,INC-0077-scene-photo-01.jpg,image/jpeg,Scene photo documenting conditions at time of report for INC-0077.,EMP-0026,2026-04-23
EVD-0035,Incident,INC-0078,INC-0078-scene-photo-01.jpg,image/jpeg,Scene photo documenting conditions at time of report for INC-0078.,EMP-0001,2026-01-29
EVD-0036,Incident,INC-0080,INC-0080-scene-photo-01.jpg,image/jpeg,Scene photo documenting conditions at time of report for INC-0080.,EMP-0016,2026-07-21
EVD-0037,Incident,INC-0083,INC-0083-scene-photo-01.jpg,image/jpeg,Scene photo documenting conditions at time of report for INC-0083.,EMP-0017,2025-05-02
EVD-0038,Incident,INC-0084,INC-0084-scene-photo-01.jpg,image/jpeg,Scene photo documenting conditions at time of report for INC-0084.,EMP-0008,2026-08-19
EVD-0039,Incident,INC-0086,INC-0086-scene-photo-01.jpg,image/jpeg,Scene photo documenting conditions at time of report for INC-0086.,EMP-0010,2026-01-04
EVD-0040,Incident,INC-0092,INC-0092-scene-photo-01.jpg,image/jpeg,Scene photo documenting conditions at time of report for INC-0092.,EMP-0023,2025-07-17
EVD-0041,Incident,INC-0093,INC-0093-scene-photo-01.jpg,image/jpeg,Scene photo documenting conditions at time of report for INC-0093.,EMP-0014,2026-02-14
EVD-0042,Incident,INC-0097,INC-0097-scene-photo-01.jpg,image/jpeg,Scene photo documenting conditions at time of report for INC-0097.,EMP-0013,2025-01-30
EVD-0043,Incident,INC-0099,INC-0099-scene-photo-01.jpg,image/jpeg,Scene photo documenting conditions at time of report for INC-0099.,EMP-0021,2026-05-04
EVD-0044,Incident,INC-0100,INC-0100-scene-photo-01.jpg,image/jpeg,Scene photo documenting conditions at time of report for INC-0100.,EMP-0026,2025-06-10
EVD-0045,Inspection,INSP-0007,INSP-0007-findings-photo.jpg,image/jpeg,Photo documentation of deficiency noted during INSP-0007.,EMP-0007,2025-12-22
EVD-0046,Inspection,INSP-0011,INSP-0011-findings-photo.jpg,image/jpeg,Photo documentation of deficiency noted during INSP-0011.,EMP-0002,2025-01-26
EVD-0047,Inspection,INSP-0023,INSP-0023-findings-photo.jpg,image/jpeg,Photo documentation of deficiency noted during INSP-0023.,EMP-0008,2025-03-08
EVD-0048,Inspection,INSP-0025,INSP-0025-findings-photo.jpg,image/jpeg,Photo documentation of deficiency noted during INSP-0025.,EMP-0027,2026-06-27
EVD-0049,Inspection,INSP-0028,INSP-0028-findings-photo.jpg,image/jpeg,Photo documentation of deficiency noted during INSP-0028.,EMP-0007,2025-02-27
EVD-0050,Inspection,INSP-0034,INSP-0034-findings-photo.jpg,image/jpeg,Photo documentation of deficiency noted during INSP-0034.,EMP-0027,2026-06-16
EVD-0051,Inspection,INSP-0037,INSP-0037-findings-photo.jpg,image/jpeg,Photo documentation of deficiency noted during INSP-0037.,EMP-0008,2025-02-17
EVD-0052,Inspection,INSP-0038,INSP-0038-findings-photo.jpg,image/jpeg,Photo documentation of deficiency noted during INSP-0038.,EMP-0002,2025-01-07
EVD-0053,Inspection,INSP-0044,INSP-0044-findings-photo.jpg,image/jpeg,Photo documentation of deficiency noted during INSP-0044.,EMP-0007,2025-05-24
EVD-0054,Inspection,INSP-0047,INSP-0047-findings-photo.jpg,image/jpeg,Photo documentation of deficiency noted during INSP-0047.,EMP-0007,2025-08-11
EVD-0055,Inspection,INSP-0050,INSP-0050-findings-photo.jpg,image/jpeg,Photo documentation of deficiency noted during INSP-0050.,EMP-0008,2025-09-27
EVD-0056,Inspection,INSP-0057,INSP-0057-findings-photo.jpg,image/jpeg,Photo documentation of deficiency noted during INSP-0057.,EMP-0013,2025-12-31
EVD-0057,Inspection,INSP-0058,INSP-0058-findings-photo.jpg,image/jpeg,Photo documentation of deficiency noted during INSP-0058.,EMP-0003,2025-04-11
EVD-0058,Inspection,INSP-0059,INSP-0059-findings-photo.jpg,image/jpeg,Photo documentation of deficiency noted during INSP-0059.,EMP-0009,2026-08-09
EVD-0059,Inspection,INSP-0063,INSP-0063-findings-photo.jpg,image/jpeg,Photo documentation of deficiency noted during INSP-0063.,EMP-0002,2026-03-26
EVD-0060,Inspection,INSP-0064,INSP-0064-findings-photo.jpg,image/jpeg,Photo documentation of deficiency noted during INSP-0064.,EMP-0009,2026-08-02
EVD-0061,Inspection,INSP-0067,INSP-0067-findings-photo.jpg,image/jpeg,Photo documentation of deficiency noted during INSP-0067.,EMP-0007,2026-02-12
EVD-0062,Inspection,INSP-0068,INSP-0068-findings-photo.jpg,image/jpeg,Photo documentation of deficiency noted during INSP-0068.,EMP-0027,2026-01-07
EVD-0063,Inspection,INSP-0069,INSP-0069-findings-photo.jpg,image/jpeg,Photo documentation of deficiency noted during INSP-0069.,EMP-0007,2026-05-20
EVD-0064,Audit Finding,AUD-0001,AUD-0001-audit-report-excerpt.pdf,application/pdf,Audit report excerpt covering finding AUD-0001.,EMP-0006,2025-12-08
EVD-0065,Audit Finding,AUD-0002,AUD-0002-audit-report-excerpt.pdf,application/pdf,Audit report excerpt covering finding AUD-0002.,EMP-0011,2026-02-20
EVD-0066,Audit Finding,AUD-0003,AUD-0003-audit-report-excerpt.pdf,application/pdf,Audit report excerpt covering finding AUD-0003.,EMP-0023,2025-12-18
EVD-0067,Audit Finding,AUD-0004,AUD-0004-audit-report-excerpt.pdf,application/pdf,Audit report excerpt covering finding AUD-0004.,EMP-0015,2026-02-22
EVD-0068,Audit Finding,AUD-0005,AUD-0005-audit-report-excerpt.pdf,application/pdf,Audit report excerpt covering finding AUD-0005.,EMP-0020,2026-05-25
EVD-0069,Audit Finding,AUD-0006,AUD-0006-audit-report-excerpt.pdf,application/pdf,Audit report excerpt covering finding AUD-0006.,EMP-0024,2026-05-29
EVD-0070,Audit Finding,AUD-0007,AUD-0007-audit-report-excerpt.pdf,application/pdf,Audit report excerpt covering finding AUD-0007.,EMP-0007,2026-03-31
EVD-0071,Audit Finding,AUD-0008,AUD-0008-audit-report-excerpt.pdf,application/pdf,Audit report excerpt covering finding AUD-0008.,EMP-0019,2026-02-25
EVD-0072,Audit Finding,AUD-0009,AUD-0009-audit-report-excerpt.pdf,application/pdf,Audit report excerpt covering finding AUD-0009.,EMP-0026,2025-01-01
EVD-0073,Audit Finding,AUD-0010,AUD-0010-audit-report-excerpt.pdf,application/pdf,Audit report excerpt covering finding AUD-0010.,EMP-0008,2026-07-04
EVD-0074,Audit Finding,AUD-0011,AUD-0011-audit-report-excerpt.pdf,application/pdf,Audit report excerpt covering finding AUD-0011.,EMP-0018,2026-03-17
EVD-0075,Audit Finding,AUD-0012,AUD-0012-audit-report-excerpt.pdf,application/pdf,Audit report excerpt covering finding AUD-0012.,EMP-0018,2025-06-27
EVD-0076,Audit Finding,AUD-0013,AUD-0013-audit-report-excerpt.pdf,application/pdf,Audit report excerpt covering finding AUD-0013.,EMP-0006,2026-04-30
EVD-0077,Audit Finding,AUD-0014,AUD-0014-audit-report-excerpt.pdf,application/pdf,Audit report excerpt covering finding AUD-0014.,EMP-0009,2025-02-27
EVD-0078,Audit Finding,AUD-0015,AUD-0015-audit-report-excerpt.pdf,application/pdf,Audit report excerpt covering finding AUD-0015.,EMP-0026,2025-09-08
EVD-0079,Audit Finding,AUD-0016,AUD-0016-audit-report-excerpt.pdf,application/pdf,Audit report excerpt covering finding AUD-0016.,EMP-0007,2026-05-16
EVD-0080,Audit Finding,AUD-0017,AUD-0017-audit-report-excerpt.pdf,application/pdf,Audit report excerpt covering finding AUD-0017.,EMP-0012,2025-04-30
EVD-0081,Audit Finding,AUD-0018,AUD-0018-audit-report-excerpt.pdf,application/pdf,Audit report excerpt covering finding AUD-0018.,EMP-0021,2026-02-02
EVD-0082,Action,ACT-0015,ACT-0015-completion-signoff.pdf,application/pdf,Completion sign-off and verification record for ACT-0015.,EMP-0004,2025-08-06
EVD-0083,Action,ACT-0022,ACT-0022-completion-signoff.pdf,application/pdf,Completion sign-off and verification record for ACT-0022.,EMP-0025,2025-12-19
EVD-0084,Action,ACT-0024,ACT-0024-completion-signoff.pdf,application/pdf,Completion sign-off and verification record for ACT-0024.,EMP-0009,2025-12-07
EVD-0085,Action,ACT-0035,ACT-0035-completion-signoff.pdf,application/pdf,Completion sign-off and verification record for ACT-0035.,EMP-0008,2026-06-28
EVD-0086,Action,ACT-0037,ACT-0037-completion-signoff.pdf,application/pdf,Completion sign-off and verification record for ACT-0037.,EMP-0003,2025-06-06
EVD-0087,Action,ACT-0038,ACT-0038-completion-signoff.pdf,application/pdf,Completion sign-off and verification record for ACT-0038.,EMP-0008,2026-03-17
EVD-0088,Action,ACT-0039,ACT-0039-completion-signoff.pdf,application/pdf,Completion sign-off and verification record for ACT-0039.,EMP-0007,2025-03-08
EVD-0089,Action,ACT-0044,ACT-0044-completion-signoff.pdf,application/pdf,Completion sign-off and verification record for ACT-0044.,EMP-0007,2025-10-25
EVD-0090,Action,ACT-0053,ACT-0053-completion-signoff.pdf,application/pdf,Completion sign-off and verification record for ACT-0053.,EMP-0008,2026-07-21
EVD-0091,Action,ACT-0060,ACT-0060-completion-signoff.pdf,application/pdf,Completion sign-off and verification record for ACT-0060.,EMP-0013,2025-10-18
EVD-0092,Action,ACT-0062,ACT-0062-completion-signoff.pdf,application/pdf,Completion sign-off and verification record for ACT-0062.,EMP-0008,2025-06-19
EVD-0093,Action,ACT-0064,ACT-0064-completion-signoff.pdf,application/pdf,Completion sign-off and verification record for ACT-0064.,EMP-0007,2026-02-06
EVD-0094,Action,ACT-0066,ACT-0066-completion-signoff.pdf,application/pdf,Completion sign-off and verification record for ACT-0066.,EMP-0008,2025-07-21
EVD-0095,Action,ACT-0069,ACT-0069-completion-signoff.pdf,application/pdf,Completion sign-off and verification record for ACT-0069.,EMP-0007,2025-11-09
EVD-0096,Action,ACT-0070,ACT-0070-completion-signoff.pdf,application/pdf,Completion sign-off and verification record for ACT-0070.,EMP-0008,2025-09-12
EVD-0097,Action,ACT-0072,ACT-0072-completion-signoff.pdf,application/pdf,Completion sign-off and verification record for ACT-0072.,EMP-0025,2025-08-30
EVD-0098,Action,ACT-0073,ACT-0073-completion-signoff.pdf,application/pdf,Completion sign-off and verification record for ACT-0073.,EMP-0008,2026-01-25
EVD-0099,Action,ACT-0082,ACT-0082-completion-signoff.pdf,application/pdf,Completion sign-off and verification record for ACT-0082.,EMP-0002,2025-06-12
EVD-0100,Action,ACT-0083,ACT-0083-completion-signoff.pdf,application/pdf,Completion sign-off and verification record for ACT-0083.,EMP-0009,2025-04-07
EVD-0101,Action,ACT-0085,ACT-0085-completion-signoff.pdf,application/pdf,Completion sign-off and verification record for ACT-0085.,EMP-0007,2025-03-06
EVD-0102,Action,ACT-0091,ACT-0091-completion-signoff.pdf,application/pdf,Completion sign-off and verification record for ACT-0091.,EMP-0025,2026-05-20
EVD-0103,Action,ACT-0092,ACT-0092-completion-signoff.pdf,application/pdf,Completion sign-off and verification record for ACT-0092.,EMP-0025,2026-08-29
EVD-0104,Maintenance Record,MNT-0001,MNT-0001-work-order.pdf,application/pdf,Work order record for delayed maintenance on EQ-0005.,EMP-0021,2026-05-11
EVD-0105,Maintenance Record,MNT-0002,MNT-0002-work-order.pdf,application/pdf,Work order record for delayed maintenance on EQ-0006.,EMP-0018,2025-12-26
EVD-0106,Maintenance Record,MNT-0018,MNT-0018-work-order.pdf,application/pdf,Work order record for delayed maintenance on EQ-0002.,EMP-0002,2025-07-13
EVD-0107,Maintenance Record,MNT-0030,MNT-0030-work-order.pdf,application/pdf,Work order record for delayed maintenance on EQ-0018.,EMP-0026,2026-06-24
EVD-0108,Maintenance Record,MNT-0051,MNT-0051-work-order.pdf,application/pdf,Work order record for delayed maintenance on EQ-0005.,EMP-0013,2025-07-22
