incident_id,facility_id,location,incident_datetime,incident_type,description,equipment_id,hazard_id,involved_employee_id,involved_contractor_id,injury_status,potential_consequence,initial_severity,immediate_action,investigation_status,root_cause_category,related_risk_register_id,reported_by_employee_id,reported_at,closure_status,closed_date
INC-0001,FAC-001,"Forklift (Electric) area, FAC-001",2025-08-22 20:45:00,Near Miss,Forklift operator narrowly avoided a pedestrian near Forklift (Electric) traffic lane.,EQ-0003,HAZ-0001,,,None,Struck-by injury or property damage,High,Work paused; area inspected; supervisor and EHS notified.,Completed,Inadequate Maintenance,RISK-0049,EMP-0010,2025-08-23 00:45:00,Closed,2025-09-25
INC-0002,FAC-001,"Forklift (Electric) area, FAC-001",2025-07-28 13:00:00,Near Miss,Forklift operator narrowly avoided a pedestrian near Forklift (Electric) traffic lane.,EQ-0003,HAZ-0001,,,None,Struck-by injury or property damage,High,Work paused; area inspected; supervisor and EHS notified.,Completed,Procedural Non-Compliance,RISK-0049,EMP-0025,2025-07-28 14:00:00,Closed,2025-08-23
INC-0003,FAC-001,"Forklift (Electric) area, FAC-001",2025-07-29 16:30:00,Near Miss,Forklift struck a storage rack while maneuvering near Forklift (Electric); minor property damage.,EQ-0003,HAZ-0001,,,None,Struck-by injury or property damage,Low,Work paused; area inspected; supervisor and EHS notified.,Completed,Procedural Non-Compliance,RISK-0049,EMP-0007,2025-07-29 22:30:00,Closed,2025-08-20
INC-0004,FAC-001,"Forklift (Electric) area, FAC-001",2025-12-08 10:30:00,Near Miss,Forklift operator narrowly avoided a pedestrian near Forklift (Electric) traffic lane.,EQ-0003,HAZ-0001,,,None,Struck-by injury or property damage,Low,Work paused; area inspected; supervisor and EHS notified.,Completed,Inadequate Engineering Control,RISK-0049,EMP-0019,2025-12-08 10:30:00,Closed,2026-01-16
INC-0005,FAC-003,"Forklift (Propane) area, FAC-003",2025-03-03 12:15:00,Near Miss,Forklift struck a storage rack while maneuvering near Forklift (Propane); minor property damage.,EQ-0004,HAZ-0002,,,None,Struck-by injury or property damage,Critical,Work paused; area inspected; supervisor and EHS notified.,Completed,Procedural Non-Compliance,RISK-0045,EMP-0021,2025-03-03 12:15:00,Closed,2025-04-01
INC-0006,FAC-003,"Forklift (Propane) area, FAC-003",2025-11-01 22:15:00,Near Miss,Forklift struck a storage rack while maneuvering near Forklift (Propane); minor property damage.,EQ-0004,HAZ-0002,,,None,Struck-by injury or property damage,Medium,Work paused; area inspected; supervisor and EHS notified.,Completed,Inadequate Training,RISK-0045,EMP-0024,2025-11-02 03:15:00,Closed,2025-11-27
INC-0007,FAC-003,"Forklift (Propane) area, FAC-003",2025-12-04 13:15:00,Near Miss,Forklift operator narrowly avoided a pedestrian near Forklift (Propane) traffic lane.,EQ-0004,HAZ-0002,,,None,Struck-by injury or property damage,Low,Work paused; area inspected; supervisor and EHS notified.,Completed,Communication Breakdown,RISK-0045,EMP-0021,2025-12-04 15:15:00,Closed,2025-12-24
INC-0008,FAC-001,"Punch Press area, FAC-001",2025-10-31 15:30:00,Near Miss,Operator found the point-of-operation guard on Punch Press propped open during jam-clearing.,EQ-0001,HAZ-0003,,,None,Amputation or crush injury,Low,Work paused; area inspected; supervisor and EHS notified.,Completed,Design Deficiency,RISK-0006,EMP-0016,2025-10-31 16:30:00,Closed,2025-12-05
INC-0009,FAC-001,"Punch Press area, FAC-001",2026-08-17 13:45:00,Unsafe Condition,"Interlock on Punch Press was bypassed, allowing operation with the guard door open.",EQ-0001,HAZ-0003,,,None,Amputation or crush injury,Medium,Condition flagged and barricaded pending correction; supervisor notified.,Completed,Equipment Failure,RISK-0006,EMP-0022,2026-08-17 18:45:00,Open,
INC-0010,FAC-001,"Punch Press area, FAC-001",2026-08-03 18:45:00,Injury,"Interlock on Punch Press was bypassed, allowing operation with the guard door open.",EQ-0001,HAZ-0003,,,First Aid Only,Amputation or crush injury,Medium,First aid administered; area secured; supervisor notified.,Completed,Communication Breakdown,RISK-0006,EMP-0028,2026-08-03 19:45:00,Closed,2026-08-18
INC-0011,FAC-002,"Punch Press area, FAC-002",2025-10-23 17:45:00,Unsafe Condition,"Interlock on Punch Press was bypassed, allowing operation with the guard door open.",EQ-0002,HAZ-0003,,,None,Amputation or crush injury,Low,Condition flagged and barricaded pending correction; supervisor notified.,Completed,Time Pressure / Production Pressure,RISK-0006,EMP-0011,2025-10-23 17:45:00,Closed,2025-11-21
INC-0012,FAC-002,"Punch Press area, FAC-002",2025-07-16 14:00:00,Unsafe Condition,"Interlock on Punch Press was bypassed, allowing operation with the guard door open.",EQ-0002,HAZ-0003,,,None,Amputation or crush injury,Low,Condition flagged and barricaded pending correction; supervisor notified.,Completed,Design Deficiency,RISK-0006,EMP-0014,2025-07-16 15:00:00,Closed,2025-08-14
INC-0013,FAC-002,"Punch Press area, FAC-002",2026-01-09 11:45:00,Injury,Operator found the point-of-operation guard on Punch Press propped open during jam-clearing.,EQ-0002,HAZ-0003,,,First Aid Only,Amputation or crush injury,High,First aid administered; area secured; supervisor notified.,Completed,Inadequate Maintenance,RISK-0006,EMP-0023,2026-01-09 16:45:00,Closed,2026-02-13
INC-0014,FAC-002,"Air Compressor area, FAC-002",2026-05-21 06:00:00,Equipment Failure,Air Compressor failed during production shortly after a delayed preventive maintenance cycle.,EQ-0005,HAZ-0004,,,None,Uncontrolled equipment failure resulting in injury or property damage,High,Equipment shut down and locked out; maintenance notified.,Completed,Inadequate Training,RISK-0046,EMP-0017,2026-05-21 10:00:00,Closed,2026-06-18
INC-0015,FAC-003,"Conveyor System area, FAC-003",2026-01-03 10:45:00,Equipment Failure,Conveyor System failed during production shortly after a delayed preventive maintenance cycle.,EQ-0006,HAZ-0005,,,None,Uncontrolled equipment failure resulting in injury or property damage,Low,Equipment shut down and locked out; maintenance notified.,Completed,Inadequate Engineering Control,RISK-0043,EMP-0027,2026-01-03 16:45:00,Closed,2026-02-04
INC-0016,FAC-002,"Air Compressor area, FAC-002",2025-08-01 22:30:00,Equipment Failure,Air Compressor failed during production shortly after a delayed preventive maintenance cycle.,EQ-0005,HAZ-0004,,,None,Uncontrolled equipment failure resulting in injury or property damage,Medium,Equipment shut down and locked out; maintenance notified.,Completed,Inadequate Maintenance,RISK-0046,EMP-0020,2025-08-02 03:30:00,Closed,2025-08-26
INC-0017,FAC-003,"lockout/tagout violation area, FAC-003",2025-10-17 22:15:00,Near Miss,Contractor from Redline Welding & Fabrication observed performing lockout/tagout (loto)-controlled work without current Lockout/Tagout (LOTO) training on file.,,HAZ-0071,,CTR-0003,None,Severe injury during equipment servicing,Low,Work paused; area inspected; supervisor and EHS notified.,Completed,Procedural Non-Compliance,RISK-0010,EMP-0003,2025-10-18 04:15:00,Closed,2025-11-23
INC-0018,FAC-003,"Forklift (Electric) area, FAC-003",2026-04-27 11:30:00,Unsafe Condition,Contractor from Redline Welding & Fabrication observed performing lockout/tagout (loto)-controlled work without current Lockout/Tagout (LOTO) training on file.,EQ-0012,HAZ-0073,,CTR-0003,None,Severe injury during equipment servicing,Low,Condition flagged and barricaded pending correction; supervisor notified.,Completed,Design Deficiency,,EMP-0021,2026-04-27 13:30:00,Closed,2026-05-29
INC-0019,FAC-001,"Electrical Distribution Panel area, FAC-001",2026-03-12 10:00:00,Near Miss,Contractor from Redline Welding & Fabrication observed performing confined space entry-controlled work without current Confined Space Entry training on file.,EQ-0027,HAZ-0036,,CTR-0007,None,Asphyxiation or severe injury,Medium,Work paused; area inspected; supervisor and EHS notified.,Completed,Design Deficiency,RISK-0015,EMP-0013,2026-03-12 12:00:00,Closed,2026-04-18
INC-0020,FAC-002,"housekeeping / walkway obstruction area, FAC-002",2026-01-12 10:45:00,Near Miss,Contractor from Vantage Industrial Coatings observed performing contractor safety orientation-controlled work without current Contractor Safety Orientation training on file.,,HAZ-0030,,CTR-0011,None,"Slip, trip, or fall injury",Medium,Work paused; area inspected; supervisor and EHS notified.,Completed,Human Error,RISK-0014,EMP-0001,2026-01-12 10:45:00,Closed,2026-02-02
INC-0021,FAC-002,"housekeeping / walkway obstruction area, FAC-002",2026-02-04 19:15:00,Unsafe Condition,Contractor from Vantage Industrial Coatings observed performing contractor safety orientation-controlled work without current Contractor Safety Orientation training on file.,,HAZ-0030,,CTR-0011,None,"Slip, trip, or fall injury",Medium,Condition flagged and barricaded pending correction; supervisor notified.,Completed,Time Pressure / Production Pressure,RISK-0014,EMP-0029,2026-02-04 21:15:00,Closed,2026-03-03
INC-0022,FAC-002,"lockout/tagout violation area, FAC-002",2025-03-24 22:15:00,Unsafe Condition,Contractor from Vantage Industrial Coatings observed performing lockout/tagout (loto)-controlled work without current Lockout/Tagout (LOTO) training on file.,,HAZ-0065,,CTR-0014,None,Severe injury during equipment servicing,Medium,Condition flagged and barricaded pending correction; supervisor notified.,Completed,Time Pressure / Production Pressure,,EMP-0026,2025-03-25 03:15:00,Closed,2025-05-02
INC-0023,FAC-002,"Conveyor System area, FAC-002",2026-08-13 15:30:00,Injury,Employee reported skin irritation after contact with cleaning solvent near Conveyor System.,EQ-0011,HAZ-0020,,,Minor Injury - Treated Offsite,Skin/respiratory irritation or burn,Low,First aid administered; area secured; supervisor notified.,In Progress,,,EMP-0023,2026-08-13 21:30:00,Open,
INC-0024,FAC-002,"Electrical Distribution Panel area, FAC-002",2026-04-24 19:45:00,Unsafe Condition,Operator found the point-of-operation guard on Electrical Distribution Panel propped open during jam-clearing.,EQ-0027,HAZ-0075,,,None,Amputation or crush injury,Medium,Condition flagged and barricaded pending correction; supervisor notified.,Completed,Inadequate Maintenance,RISK-0008,EMP-0005,2026-04-25 00:45:00,Closed,2026-05-15
INC-0025,FAC-003,"CNC Machining Center area, FAC-003",2025-03-29 12:15:00,Property Damage,"Rigging inspection near CNC Machining Center found a frayed sling, removed from service.",EQ-0030,HAZ-0037,EMP-0009,,None,Struck-by or crush injury,Medium,Area secured; damage documented; equipment tagged out of service pending inspection.,Completed,Inadequate Engineering Control,,EMP-0009,2025-03-29 12:15:00,Closed,2025-04-22
INC-0026,FAC-001,"Ventilation / Dust Collection System area, FAC-001",2025-05-04 14:45:00,Near Miss,Pallets stored in the designated walkway near Ventilation / Dust Collection System created an obstruction.,EQ-0010,HAZ-0044,EMP-0016,,None,"Slip, trip, or fall injury",High,Work paused; area inspected; supervisor and EHS notified.,Completed,Communication Breakdown,,EMP-0019,2025-05-04 16:45:00,Closed,2025-06-01
INC-0027,FAC-001,"Industrial Boiler area, FAC-001",2025-09-28 18:30:00,Near Miss,Technician began servicing Industrial Boiler before verifying zero energy state.,EQ-0029,HAZ-0071,,,None,Severe injury during equipment servicing,High,Work paused; area inspected; supervisor and EHS notified.,Completed,Procedural Non-Compliance,RISK-0010,EMP-0028,2025-09-28 19:30:00,Closed,2025-10-19
INC-0028,FAC-002,"Conveyor System area, FAC-002",2025-02-21 15:15:00,Near Miss,LOTO device was found removed from Conveyor System while work was still in progress.,EQ-0011,HAZ-0045,EMP-0005,,None,Severe injury during equipment servicing,Low,Work paused; area inspected; supervisor and EHS notified.,Completed,Time Pressure / Production Pressure,,EMP-0029,2025-02-21 15:15:00,Closed,2025-03-26
INC-0029,FAC-002,"Ventilation / Dust Collection System area, FAC-002",2025-08-19 18:15:00,Near Miss,Employee's sleeve caught briefly on a moving component of Ventilation / Dust Collection System.,EQ-0016,HAZ-0063,EMP-0005,,None,Crush injury or amputation,Critical,Work paused; area inspected; supervisor and EHS notified.,Completed,Design Deficiency,RISK-0038,EMP-0008,2025-08-20 00:15:00,Closed,2025-09-09
INC-0030,FAC-001,"confined space hazard area, FAC-001",2025-03-26 06:15:00,Near Miss,Atmospheric monitoring flagged low oxygen prior to entry near confined space hazard.,,HAZ-0024,EMP-0004,,None,Asphyxiation or severe injury,Medium,Work paused; area inspected; supervisor and EHS notified.,Completed,Time Pressure / Production Pressure,,EMP-0004,2025-03-26 06:15:00,Closed,2025-05-05
INC-0031,FAC-003,"CNC Machining Center area, FAC-003",2026-08-07 06:30:00,Injury,Employee reported heat exhaustion symptoms working near CNC Machining Center during a summer shift.,EQ-0030,HAZ-0031,EMP-0027,,Minor Injury - Treated Offsite,Heat exhaustion or heat stroke,Low,First aid administered; area secured; supervisor notified.,In Progress,,,EMP-0006,2026-08-07 06:30:00,Open,
INC-0032,FAC-002,"Conveyor System area, FAC-002",2025-06-08 19:45:00,Environmental,Employee reported skin irritation after contact with cleaning solvent near Conveyor System.,EQ-0011,HAZ-0020,,,None,Skin/respiratory irritation or burn,Critical,Spill contained with on-site kit; EHS and environmental compliance notified.,Completed,Time Pressure / Production Pressure,,EMP-0017,2025-06-08 23:45:00,Closed,2025-07-05
INC-0033,FAC-003,"CNC Machining Center area, FAC-003",2025-11-14 12:15:00,Unsafe Condition,Sound level survey near CNC Machining Center exceeded the facility action level without hearing protection in use.,EQ-0030,HAZ-0034,,,None,Hearing loss,Medium,Condition flagged and barricaded pending correction; supervisor notified.,Completed,Equipment Failure,RISK-0034,EMP-0018,2025-11-14 18:15:00,Closed,2025-12-11
INC-0034,FAC-002,"Electrical Distribution Panel area, FAC-002",2025-09-09 09:30:00,Near Miss,Entry was attempted into a confined space near Electrical Distribution Panel without a permit on file.,EQ-0027,HAZ-0036,,CTR-0018,None,Asphyxiation or severe injury,Medium,Work paused; area inspected; supervisor and EHS notified.,Completed,Inadequate Engineering Control,RISK-0015,EMP-0026,2025-09-09 10:30:00,Closed,2025-10-16
INC-0035,FAC-003,"Forklift (Propane) area, FAC-003",2025-09-07 09:15:00,Injury,Employee reported heat exhaustion symptoms working near Forklift (Propane) during a summer shift.,EQ-0004,HAZ-0066,EMP-0018,,First Aid Only,Heat exhaustion or heat stroke,Medium,First aid administered; area secured; supervisor notified.,Completed,Inadequate Training,,EMP-0027,2025-09-07 11:15:00,Closed,2025-10-08
INC-0036,FAC-003,"Overhead Bridge Crane area, FAC-003",2026-08-24 06:45:00,Unsafe Condition,Entry was attempted into a confined space near Overhead Bridge Crane without a permit on file.,EQ-0024,HAZ-0064,,CTR-0004,None,Asphyxiation or severe injury,Medium,Condition flagged and barricaded pending correction; supervisor notified.,Not Started,,RISK-0009,EMP-0015,2026-08-24 12:45:00,Open,
INC-0037,FAC-002,"Electrical Distribution Panel area, FAC-002",2026-08-22 12:15:00,Injury,Employee reported heat exhaustion symptoms working near Electrical Distribution Panel during a summer shift.,EQ-0009,HAZ-0016,EMP-0002,,Minor Injury - Treated Offsite,Heat exhaustion or heat stroke,High,First aid administered; area secured; supervisor notified.,In Progress,,RISK-0021,EMP-0026,2026-08-22 13:15:00,Open,
INC-0038,FAC-003,"electrical hazard / arc flash area, FAC-003",2026-01-24 07:45:00,Near Miss,Exposed wiring was identified on electrical hazard / arc flash during a routine walk-through.,,HAZ-0019,EMP-0006,,None,Electrical shock or arc flash burn,Low,Work paused; area inspected; supervisor and EHS notified.,Completed,Communication Breakdown,RISK-0032,EMP-0006,2026-01-24 11:45:00,Closed,2026-02-13
INC-0039,FAC-002,"Robotic Welding Arm area, FAC-002",2026-04-13 17:30:00,Injury,Employee slipped on a fluid leak near Robotic Welding Arm.,EQ-0018,HAZ-0059,,,Minor Injury - Treated Offsite,"Sprain, fracture, or laceration",Medium,First aid administered; area secured; supervisor notified.,Completed,Inadequate Engineering Control,RISK-0042,EMP-0023,2026-04-13 23:30:00,Closed,2026-05-10
INC-0040,FAC-002,"Electrical Distribution Panel area, FAC-002",2026-06-08 13:45:00,Property Damage,Overheating was detected on Electrical Distribution Panel motor housing; no ignition occurred.,EQ-0027,HAZ-0040,EMP-0011,,None,Burn injury or facility damage,Low,Area secured; damage documented; equipment tagged out of service pending inspection.,Completed,Inadequate Maintenance,RISK-0030,EMP-0002,2026-06-08 13:45:00,Closed,2026-07-10
INC-0041,FAC-001,"Industrial Boiler area, FAC-001",2026-03-05 19:00:00,Injury,Technician on a rolling ladder near Industrial Boiler lost balance briefly while reaching to the side.,EQ-0029,HAZ-0076,,CTR-0016,First Aid Only,Fall injury or fatality,Medium,First aid administered; area secured; supervisor notified.,Completed,Communication Breakdown,RISK-0044,EMP-0007,2026-03-05 22:00:00,Closed,2026-03-29
INC-0042,FAC-001,"Punch Press area, FAC-001",2025-03-02 11:00:00,Injury,Employee reported heat exhaustion symptoms working near Punch Press during a summer shift.,EQ-0001,HAZ-0070,,,First Aid Only,Heat exhaustion or heat stroke,Medium,First aid administered; area secured; supervisor notified.,Completed,Time Pressure / Production Pressure,RISK-0023,EMP-0004,2025-03-02 17:00:00,Closed,2025-03-25
INC-0043,FAC-001,"Ventilation / Dust Collection System area, FAC-001",2026-08-10 16:30:00,Near Miss,Forklift struck a storage rack while maneuvering near Ventilation / Dust Collection System; minor property damage.,EQ-0013,HAZ-0053,EMP-0019,,None,Struck-by injury or property damage,Low,Work paused; area inspected; supervisor and EHS notified.,In Progress,,RISK-0040,EMP-0007,2026-08-10 19:30:00,Open,
INC-0044,FAC-002,"Electrical Distribution Panel area, FAC-002",2026-02-17 20:00:00,Injury,Employee reported heat exhaustion symptoms working near Electrical Distribution Panel during a summer shift.,EQ-0009,HAZ-0016,EMP-0011,,First Aid Only,Heat exhaustion or heat stroke,High,First aid administered; area secured; supervisor notified.,Completed,Human Error,RISK-0021,EMP-0011,2026-02-17 23:00:00,Closed,2026-03-13
INC-0045,FAC-003,"Forklift (Propane) area, FAC-003",2026-03-18 21:00:00,Injury,Employee reported heat exhaustion symptoms working near Forklift (Propane) during a summer shift.,EQ-0004,HAZ-0039,EMP-0006,,First Aid Only,Heat exhaustion or heat stroke,Low,First aid administered; area secured; supervisor notified.,Completed,Inadequate Training,,EMP-0030,2026-03-19 02:00:00,Closed,2026-04-08
INC-0046,FAC-001,"Forklift (Electric) area, FAC-001",2025-09-09 13:45:00,Property Damage,A load shifted unexpectedly while being lifted by Forklift (Electric); operator halted the lift safely.,EQ-0003,HAZ-0074,,,None,Struck-by or crush injury,Low,Area secured; damage documented; equipment tagged out of service pending inspection.,Completed,Human Error,RISK-0035,EMP-0004,2025-09-09 16:45:00,Closed,2025-10-10
INC-0047,FAC-002,"Ventilation / Dust Collection System area, FAC-002",2026-08-18 16:45:00,Injury,Operator reported repetitive strain after an extended shift at Ventilation / Dust Collection System.,EQ-0016,HAZ-0007,EMP-0001,,First Aid Only,Musculoskeletal injury,Low,First aid administered; area secured; supervisor notified.,In Progress,,RISK-0039,EMP-0002,2026-08-18 22:45:00,Open,
INC-0048,FAC-003,"CNC Machining Center area, FAC-003",2025-12-29 21:30:00,Property Damage,Forklift operator narrowly avoided a pedestrian near CNC Machining Center traffic lane.,EQ-0030,HAZ-0011,,,None,Struck-by injury or property damage,High,Area secured; damage documented; equipment tagged out of service pending inspection.,Completed,Design Deficiency,RISK-0020,EMP-0024,2025-12-30 00:30:00,Closed,2026-01-19
INC-0049,FAC-001,"Punch Press area, FAC-001",2026-01-07 13:45:00,Near Miss,Technician opened the electrical panel on Punch Press without confirming de-energization.,EQ-0001,HAZ-0028,,,None,Electrical shock or arc flash burn,Low,Work paused; area inspected; supervisor and EHS notified.,Completed,Equipment Failure,,EMP-0016,2026-01-07 13:45:00,Closed,2026-01-28
INC-0050,FAC-001,"Pressure Vessel / Tank area, FAC-001",2025-10-21 18:00:00,Near Miss,Technician began servicing Pressure Vessel / Tank before verifying zero energy state.,EQ-0023,HAZ-0071,,CTR-0004,None,Severe injury during equipment servicing,Low,Work paused; area inspected; supervisor and EHS notified.,Completed,Procedural Non-Compliance,RISK-0010,EMP-0019,2025-10-21 18:00:00,Closed,2025-11-22
INC-0051,FAC-002,"Electrical Distribution Panel area, FAC-002",2025-10-23 09:15:00,Near Miss,A component fell from overhead storage near Electrical Distribution Panel.,EQ-0027,HAZ-0033,,,None,Head or upper body injury,Low,Work paused; area inspected; supervisor and EHS notified.,Completed,Design Deficiency,RISK-0013,EMP-0011,2025-10-23 12:15:00,Closed,2025-11-14
INC-0052,FAC-003,"chemical exposure area, FAC-003",2026-02-08 20:00:00,Environmental,Small chemical splash occurred during transfer near chemical exposure; PPE limited exposure.,,HAZ-0067,EMP-0012,,None,Skin/respiratory irritation or burn,Low,Spill contained with on-site kit; EHS and environmental compliance notified.,Completed,Inadequate Training,RISK-0031,EMP-0003,2026-02-08 21:00:00,Closed,2026-03-04
INC-0053,FAC-001,"Ventilation / Dust Collection System area, FAC-001",2026-02-22 07:15:00,Property Damage,Hydraulic fluid leak from Ventilation / Dust Collection System reached the floor drain before containment.,EQ-0010,HAZ-0008,EMP-0016,,None,Environmental contamination,Medium,Area secured; damage documented; equipment tagged out of service pending inspection.,Completed,Inadequate Maintenance,,EMP-0028,2026-02-22 10:15:00,Closed,2026-03-23
INC-0054,FAC-002,"Electrical Distribution Panel area, FAC-002",2026-01-07 22:15:00,Near Miss,Employee's sleeve caught briefly on a moving component of Electrical Distribution Panel.,EQ-0027,HAZ-0050,EMP-0011,,None,Crush injury or amputation,Medium,Work paused; area inspected; supervisor and EHS notified.,Completed,Inadequate Engineering Control,RISK-0026,EMP-0029,2026-01-08 04:15:00,Closed,2026-02-14
INC-0055,FAC-002,"Electrical Distribution Panel area, FAC-002",2025-05-12 13:15:00,Near Miss,Worker's hand came close to a nip point on Electrical Distribution Panel while clearing a jam.,EQ-0027,HAZ-0050,EMP-0005,,None,Crush injury or amputation,Low,Work paused; area inspected; supervisor and EHS notified.,Completed,Communication Breakdown,RISK-0026,EMP-0008,2025-05-12 15:15:00,Closed,2025-06-01
INC-0056,FAC-002,"Electrical Distribution Panel area, FAC-002",2025-08-07 20:30:00,Injury,Employee's sleeve caught briefly on a moving component of Electrical Distribution Panel.,EQ-0027,HAZ-0050,EMP-0020,,Minor Injury - Treated Offsite,Crush injury or amputation,Low,First aid administered; area secured; supervisor notified.,Completed,Inadequate Maintenance,RISK-0026,EMP-0011,2025-08-07 20:30:00,Closed,2025-09-08
INC-0057,FAC-002,"Air Compressor area, FAC-002",2026-07-25 17:45:00,Near Miss,Worker tripped over an unsecured cable near Air Compressor.,EQ-0005,HAZ-0018,,,None,"Sprain, fracture, or laceration",Medium,Work paused; area inspected; supervisor and EHS notified.,Completed,Design Deficiency,,EMP-0014,2026-07-25 19:45:00,Closed,2026-08-25
INC-0058,FAC-001,"Ventilation / Dust Collection System area, FAC-001",2026-02-16 15:00:00,Unsafe Condition,Sound level survey near Ventilation / Dust Collection System exceeded the facility action level without hearing protection in use.,EQ-0013,HAZ-0013,EMP-0010,,None,Hearing loss,High,Condition flagged and barricaded pending correction; supervisor notified.,Completed,Procedural Non-Compliance,RISK-0017,EMP-0007,2026-02-16 19:00:00,Closed,2026-03-28
INC-0059,FAC-001,"Overhead Bridge Crane area, FAC-001",2025-12-01 22:30:00,Injury,Employee reported heat exhaustion symptoms working near Overhead Bridge Crane during a summer shift.,EQ-0022,HAZ-0031,,,Minor Injury - Treated Offsite,Heat exhaustion or heat stroke,Low,First aid administered; area secured; supervisor notified.,Completed,Inadequate Training,,EMP-0010,2025-12-02 02:30:00,Closed,2025-12-28
INC-0060,FAC-002,"housekeeping / walkway obstruction area, FAC-002",2026-03-21 13:15:00,Near Miss,Pallets stored in the designated walkway near housekeeping / walkway obstruction created an obstruction.,,HAZ-0009,EMP-0008,,None,"Slip, trip, or fall injury",Medium,Work paused; area inspected; supervisor and EHS notified.,Completed,Human Error,RISK-0012,EMP-0020,2026-03-21 17:15:00,Closed,2026-04-27
INC-0061,FAC-001,"electrical hazard / arc flash area, FAC-001",2026-06-27 06:45:00,Near Miss,Technician opened the electrical panel on electrical hazard / arc flash without confirming de-energization.,,HAZ-0019,EMP-0028,,None,Electrical shock or arc flash burn,Low,Work paused; area inspected; supervisor and EHS notified.,Completed,Inadequate Engineering Control,RISK-0032,EMP-0004,2026-06-27 07:45:00,Closed,2026-08-05
INC-0062,FAC-002,"Robotic Welding Arm area, FAC-002",2026-05-28 10:00:00,Injury,Worker was struck by an ejected part from Robotic Welding Arm during operation.,EQ-0018,HAZ-0017,EMP-0026,,Minor Injury - Treated Offsite,Head or upper body injury,Low,First aid administered; area secured; supervisor notified.,Completed,Communication Breakdown,,EMP-0020,2026-05-28 10:00:00,Closed,2026-07-02
INC-0063,FAC-001,"heat stress area, FAC-001",2025-01-06 20:00:00,Injury,Employee reported heat exhaustion symptoms working near heat stress during a summer shift.,,HAZ-0031,EMP-0013,,Recordable Injury,Heat exhaustion or heat stroke,Medium,First aid administered; area secured; supervisor notified.,Completed,Communication Breakdown,,EMP-0004,2025-01-06 20:00:00,Closed,2025-02-14
INC-0064,FAC-002,"Robotic Welding Arm area, FAC-002",2025-10-12 15:15:00,Injury,Employee reported heat exhaustion symptoms working near Robotic Welding Arm during a summer shift.,EQ-0018,HAZ-0056,EMP-0029,,Minor Injury - Treated Offsite,Heat exhaustion or heat stroke,Medium,First aid administered; area secured; supervisor notified.,Completed,Design Deficiency,RISK-0025,EMP-0002,2025-10-12 17:15:00,Closed,2025-11-15
INC-0065,FAC-002,"ergonomic strain area, FAC-002",2026-02-27 07:30:00,Injury,Employee reported lower back strain after repetitive lifting at the ergonomic strain station.,,HAZ-0072,EMP-0008,,First Aid Only,Musculoskeletal injury,Low,First aid administered; area secured; supervisor notified.,Completed,Human Error,,EMP-0011,2026-02-27 13:30:00,Closed,2026-03-30
INC-0066,FAC-001,"Ventilation / Dust Collection System area, FAC-001",2025-01-27 06:30:00,Environmental,Coolant leak from Ventilation / Dust Collection System required an environmental spill response.,EQ-0010,HAZ-0008,EMP-0016,,None,Environmental contamination,Medium,Spill contained with on-site kit; EHS and environmental compliance notified.,Completed,Inadequate Engineering Control,,EMP-0019,2025-01-27 12:30:00,Closed,2025-02-16
INC-0067,FAC-003,"housekeeping / walkway obstruction area, FAC-003",2025-05-08 16:45:00,Near Miss,Debris accumulation near housekeeping / walkway obstruction partially blocked an emergency egress path.,,HAZ-0009,EMP-0006,,None,"Slip, trip, or fall injury",Low,Work paused; area inspected; supervisor and EHS notified.,Completed,Inadequate Training,RISK-0012,EMP-0018,2025-05-08 19:45:00,Closed,2025-06-08
INC-0068,FAC-001,"Standby Generator area, FAC-001",2026-09-02 12:45:00,Near Miss,Technician opened the electrical panel on Standby Generator without confirming de-energization.,EQ-0021,HAZ-0019,EMP-0022,,None,Electrical shock or arc flash burn,High,Work paused; area inspected; supervisor and EHS notified.,Not Started,,RISK-0032,EMP-0004,2026-09-02 14:45:00,Open,
INC-0069,FAC-003,"Conveyor System area, FAC-003",2025-10-10 17:15:00,Property Damage,Coolant leak from Conveyor System required an environmental spill response.,EQ-0006,HAZ-0051,EMP-0009,,None,Environmental contamination,Low,Area secured; damage documented; equipment tagged out of service pending inspection.,Completed,Procedural Non-Compliance,RISK-0033,EMP-0024,2025-10-10 22:15:00,Closed,2025-11-01
INC-0070,FAC-003,"CNC Machining Center area, FAC-003",2025-08-10 10:00:00,Near Miss,Relief valve on CNC Machining Center activated unexpectedly during startup.,EQ-0030,HAZ-0023,,,None,Blast injury or equipment damage,High,Work paused; area inspected; supervisor and EHS notified.,Completed,Inadequate Training,,EMP-0018,2025-08-10 15:00:00,Closed,2025-09-04
INC-0071,FAC-002,"Electrical Distribution Panel area, FAC-002",2026-06-08 06:00:00,Unsafe Condition,Sound level survey near Electrical Distribution Panel exceeded the facility action level without hearing protection in use.,EQ-0027,HAZ-0014,EMP-0023,,None,Hearing loss,High,Condition flagged and barricaded pending correction; supervisor notified.,Completed,Human Error,,EMP-0014,2026-06-08 10:00:00,Closed,2026-07-16
INC-0072,FAC-002,"Electrical Distribution Panel area, FAC-002",2026-03-10 13:00:00,Injury,Employee reported lower back strain after repetitive lifting at the Electrical Distribution Panel station.,EQ-0027,HAZ-0062,EMP-0001,,Minor Injury - Treated Offsite,Musculoskeletal injury,Medium,First aid administered; area secured; supervisor notified.,Completed,Procedural Non-Compliance,RISK-0041,EMP-0029,2026-03-10 18:00:00,Closed,2026-04-09
INC-0073,FAC-002,"Ventilation / Dust Collection System area, FAC-002",2026-01-04 18:30:00,Injury,A component fell from overhead storage near Ventilation / Dust Collection System.,EQ-0016,HAZ-0012,EMP-0002,,Minor Injury - Treated Offsite,Head or upper body injury,Medium,First aid administered; area secured; supervisor notified.,Completed,Procedural Non-Compliance,RISK-0001,EMP-0011,2026-01-04 20:30:00,Closed,2026-02-06
INC-0074,FAC-001,"Ventilation / Dust Collection System area, FAC-001",2025-10-07 13:45:00,Injury,Operator found the point-of-operation guard on Ventilation / Dust Collection System propped open during jam-clearing.,EQ-0013,HAZ-0068,EMP-0019,,First Aid Only,Amputation or crush injury,Medium,First aid administered; area secured; supervisor notified.,Completed,Time Pressure / Production Pressure,,EMP-0004,2025-10-07 13:45:00,Closed,2025-11-07
INC-0075,FAC-002,"Electrical Distribution Panel area, FAC-002",2025-06-07 16:15:00,Near Miss,Worker's hand came close to a nip point on Electrical Distribution Panel while clearing a jam.,EQ-0027,HAZ-0050,EMP-0017,,None,Crush injury or amputation,Medium,Work paused; area inspected; supervisor and EHS notified.,Completed,Design Deficiency,RISK-0026,EMP-0001,2025-06-07 21:15:00,Closed,2025-07-13
INC-0076,FAC-001,"Punch Press area, FAC-001",2025-10-31 15:30:00,Near Miss,"Rigging inspection near Punch Press found a frayed sling, removed from service.",EQ-0001,HAZ-0041,EMP-0019,,None,Struck-by or crush injury,Low,Work paused; area inspected; supervisor and EHS notified.,Completed,Human Error,,EMP-0022,2025-10-31 21:30:00,Closed,2025-12-05
INC-0077,FAC-002,"heat stress area, FAC-002",2026-04-22 22:15:00,Injury,Employee reported heat exhaustion symptoms working near heat stress during a summer shift.,,HAZ-0031,EMP-0023,,Minor Injury - Treated Offsite,Heat exhaustion or heat stroke,High,First aid administered; area secured; supervisor notified.,Completed,Human Error,,EMP-0026,2026-04-23 01:15:00,Closed,2026-06-01
INC-0078,FAC-002,"Ventilation / Dust Collection System area, FAC-002",2026-01-28 22:45:00,Injury,Employee's sleeve caught briefly on a moving component of Ventilation / Dust Collection System.,EQ-0016,HAZ-0049,EMP-0014,,Minor Injury - Treated Offsite,Crush injury or amputation,Medium,First aid administered; area secured; supervisor notified.,Completed,Inadequate Engineering Control,,EMP-0001,2026-01-29 03:45:00,Closed,2026-02-27
INC-0079,FAC-001,"Ventilation / Dust Collection System area, FAC-001",2025-08-04 20:00:00,Near Miss,Debris accumulation near Ventilation / Dust Collection System partially blocked an emergency egress path.,EQ-0010,HAZ-0044,EMP-0016,,None,"Slip, trip, or fall injury",Medium,Work paused; area inspected; supervisor and EHS notified.,Completed,Communication Breakdown,,EMP-0028,2025-08-04 22:00:00,Closed,2025-08-25
INC-0080,FAC-001,"Hydraulic Press area, FAC-001",2026-07-20 22:45:00,Injury,Employee reported heat exhaustion symptoms working near Hydraulic Press during a summer shift.,EQ-0019,HAZ-0043,EMP-0022,,Minor Injury - Treated Offsite,Heat exhaustion or heat stroke,Low,First aid administered; area secured; supervisor notified.,In Progress,,,EMP-0016,2026-07-21 01:45:00,Open,
INC-0081,FAC-002,"Robotic Welding Arm area, FAC-002",2026-07-17 08:15:00,Near Miss,Employee reported skin irritation after contact with cleaning solvent near Robotic Welding Arm.,EQ-0020,HAZ-0067,EMP-0011,,None,Skin/respiratory irritation or burn,High,Work paused; area inspected; supervisor and EHS notified.,Completed,Procedural Non-Compliance,RISK-0031,EMP-0005,2026-07-17 12:15:00,Closed,2026-08-23
INC-0082,FAC-003,"Hydraulic Press area, FAC-003",2025-05-02 21:30:00,Near Miss,Entry was attempted into a confined space near Hydraulic Press without a permit on file.,EQ-0014,HAZ-0024,EMP-0015,,None,Asphyxiation or severe injury,High,Work paused; area inspected; supervisor and EHS notified.,Completed,Inadequate Training,,EMP-0006,2025-05-02 22:30:00,Closed,2025-05-22
INC-0083,FAC-002,"Electrical Distribution Panel area, FAC-002",2025-05-01 19:00:00,Injury,Employee reported lower back strain after repetitive lifting at the Electrical Distribution Panel station.,EQ-0027,HAZ-0029,EMP-0011,,First Aid Only,Musculoskeletal injury,Medium,First aid administered; area secured; supervisor notified.,Completed,Design Deficiency,RISK-0011,EMP-0017,2025-05-02 01:00:00,Closed,2025-06-03
INC-0084,FAC-002,"Electrical Distribution Panel area, FAC-002",2026-08-19 06:15:00,Property Damage,Forklift struck a storage rack while maneuvering near Electrical Distribution Panel; minor property damage.,EQ-0027,HAZ-0011,EMP-0008,,None,Struck-by injury or property damage,Medium,Area secured; damage documented; equipment tagged out of service pending inspection.,Completed,Equipment Failure,RISK-0020,EMP-0008,2026-08-19 11:15:00,Open,
INC-0085,FAC-001,"Ventilation / Dust Collection System area, FAC-001",2025-08-13 10:00:00,Near Miss,Forklift operator narrowly avoided a pedestrian near Ventilation / Dust Collection System traffic lane.,EQ-0013,HAZ-0053,,,None,Struck-by injury or property damage,Low,Work paused; area inspected; supervisor and EHS notified.,Completed,Inadequate Training,RISK-0040,EMP-0004,2025-08-13 10:00:00,Closed,2025-09-09
INC-0086,FAC-001,"Forklift (Electric) area, FAC-001",2026-01-04 06:00:00,Property Damage,"Rigging inspection near Forklift (Electric) found a frayed sling, removed from service.",EQ-0003,HAZ-0074,,,None,Struck-by or crush injury,Medium,Area secured; damage documented; equipment tagged out of service pending inspection.,Completed,Communication Breakdown,RISK-0035,EMP-0010,2026-01-04 10:00:00,Closed,2026-01-28
INC-0087,FAC-001,"Ventilation / Dust Collection System area, FAC-001",2026-01-31 10:00:00,Near Miss,Operator found the point-of-operation guard on Ventilation / Dust Collection System propped open during jam-clearing.,EQ-0013,HAZ-0068,EMP-0019,,None,Amputation or crush injury,Medium,Work paused; area inspected; supervisor and EHS notified.,Completed,Communication Breakdown,,EMP-0022,2026-01-31 15:00:00,Closed,2026-03-07
INC-0088,FAC-003,"falling object / struck-by area, FAC-003",2026-01-09 19:00:00,Near Miss,A component fell from overhead storage near falling object / struck-by.,,HAZ-0033,EMP-0009,,None,Head or upper body injury,Low,Work paused; area inspected; supervisor and EHS notified.,Completed,Procedural Non-Compliance,RISK-0013,EMP-0024,2026-01-10 01:00:00,Closed,2026-02-14
INC-0089,FAC-002,"lockout/tagout violation area, FAC-002",2026-03-09 08:00:00,Unsafe Condition,LOTO device was found removed from lockout/tagout violation while work was still in progress.,,HAZ-0065,EMP-0008,,None,Severe injury during equipment servicing,Medium,Condition flagged and barricaded pending correction; supervisor notified.,Completed,Inadequate Training,,EMP-0001,2026-03-09 12:00:00,Closed,2026-04-07
INC-0090,FAC-003,"Hydraulic Press area, FAC-003",2026-08-10 15:45:00,Near Miss,Forklift struck a storage rack while maneuvering near Hydraulic Press; minor property damage.,EQ-0014,HAZ-0035,EMP-0015,,None,Struck-by injury or property damage,Low,Work paused; area inspected; supervisor and EHS notified.,In Progress,,,EMP-0015,2026-08-10 21:45:00,Open,
INC-0091,FAC-003,"Forklift (Propane) area, FAC-003",2025-12-31 06:00:00,Near Miss,Technician began servicing Forklift (Propane) before verifying zero energy state.,EQ-0004,HAZ-0065,EMP-0012,,None,Severe injury during equipment servicing,High,Work paused; area inspected; supervisor and EHS notified.,Completed,Equipment Failure,,EMP-0012,2025-12-31 09:00:00,Closed,2026-01-20
INC-0092,FAC-002,"Electrical Distribution Panel area, FAC-002",2025-07-17 15:00:00,Injury,Operator reported repetitive strain after an extended shift at Electrical Distribution Panel.,EQ-0027,HAZ-0062,EMP-0026,,Minor Injury - Treated Offsite,Musculoskeletal injury,Medium,First aid administered; area secured; supervisor notified.,Completed,Equipment Failure,RISK-0041,EMP-0023,2025-07-17 21:00:00,Closed,2025-08-08
INC-0093,FAC-002,"Robotic Welding Arm area, FAC-002",2026-02-14 15:30:00,Injury,Worker was struck by an ejected part from Robotic Welding Arm during operation.,EQ-0018,HAZ-0017,EMP-0005,,Recordable Injury,Head or upper body injury,Low,First aid administered; area secured; supervisor notified.,Completed,Inadequate Training,,EMP-0014,2026-02-14 18:30:00,Closed,2026-03-18
INC-0094,FAC-002,"Electrical Distribution Panel area, FAC-002",2025-07-11 19:30:00,Near Miss,Small chemical splash occurred during transfer near Electrical Distribution Panel; PPE limited exposure.,EQ-0009,HAZ-0026,EMP-0023,,None,Skin/respiratory irritation or burn,Medium,Work paused; area inspected; supervisor and EHS notified.,Completed,Procedural Non-Compliance,RISK-0037,EMP-0001,2025-07-12 01:30:00,Closed,2025-08-14
INC-0095,FAC-003,"Conveyor System area, FAC-003",2026-04-25 08:45:00,Unsafe Condition,Operator found the point-of-operation guard on Conveyor System propped open during jam-clearing.,EQ-0006,HAZ-0054,,,None,Amputation or crush injury,Critical,Condition flagged and barricaded pending correction; supervisor notified.,Completed,Inadequate Engineering Control,RISK-0028,EMP-0030,2026-04-25 14:45:00,Closed,2026-06-01
INC-0096,FAC-002,"Robotic Welding Arm area, FAC-002",2026-01-13 19:00:00,Near Miss,A component fell from overhead storage near Robotic Welding Arm.,EQ-0018,HAZ-0017,EMP-0005,,None,Head or upper body injury,Low,Work paused; area inspected; supervisor and EHS notified.,Completed,Inadequate Maintenance,,EMP-0026,2026-01-13 23:00:00,Closed,2026-02-19
INC-0097,FAC-001,"Ventilation / Dust Collection System area, FAC-001",2025-01-30 15:45:00,Injury,Operator found the point-of-operation guard on Ventilation / Dust Collection System propped open during jam-clearing.,EQ-0013,HAZ-0068,EMP-0004,,First Aid Only,Amputation or crush injury,Medium,First aid administered; area secured; supervisor notified.,Completed,Inadequate Engineering Control,,EMP-0013,2025-01-30 16:45:00,Closed,2025-02-19
INC-0098,FAC-003,"Forklift (Propane) area, FAC-003",2026-06-22 10:00:00,Unsafe Condition,"Interlock on Forklift (Propane) was bypassed, allowing operation with the guard door open.",EQ-0004,HAZ-0075,EMP-0009,,None,Amputation or crush injury,Low,Condition flagged and barricaded pending correction; supervisor notified.,Completed,Communication Breakdown,RISK-0008,EMP-0012,2026-06-22 11:00:00,Closed,2026-07-25
INC-0099,FAC-003,"CNC Machining Center area, FAC-003",2026-05-04 11:00:00,Equipment Failure,Relief valve on CNC Machining Center activated unexpectedly during startup.,EQ-0030,HAZ-0023,,,None,Blast injury or equipment damage,Medium,Equipment shut down and locked out; maintenance notified.,Completed,Inadequate Training,,EMP-0021,2026-05-04 11:00:00,Closed,2026-05-30
INC-0100,FAC-002,"Electrical Distribution Panel area, FAC-002",2025-06-10 07:15:00,Injury,Worker's hand came close to a nip point on Electrical Distribution Panel while clearing a jam.,EQ-0027,HAZ-0050,EMP-0017,,First Aid Only,Crush injury or amputation,High,First aid administered; area secured; supervisor notified.,Completed,Inadequate Maintenance,RISK-0026,EMP-0026,2025-06-10 08:15:00,Closed,2025-07-14
